"Species","AUC","TSS","Threshold_MaxSSS","Top_Variable","Current_Area_sqkm","SSP245_Area_sqkm","SSP245_Change_pct","SSP585_Area_sqkm","SSP585_Change_pct"
"Withania somnifera",0.904,0.706,0.4403,"wc2.1_10m_bio_6",1442735.06,482693.53,-66.54,434698.27,-69.87
"Lantana camara",0.915,0.671,0.32,"wc2.1_10m_bio_6",1244952.09,1362869.46,9.47,1088682.42,-12.55
"Parthenium hysterophorus",0.905,0.697,0.4505,"wc2.1_10m_bio_7",1422982.76,1627107.12,14.34,1366545.99,-3.97
"Aconitum heterophyllum",0.989,0.949,0.1029,"wc2.1_10m_bio_17",360182.15,904085.17,151.01,941928.77,161.51
"Picrorhiza kurroa",0.981,0.877,0.0833,"wc2.1_10m_bio_17",547386.04,1675963.39,206.18,1906871.64,248.36
"Rheum emodi",0.98,0.867,0.0969,"wc2.1_10m_bio_9",587062.62,561959.28,-4.28,566708.16,-3.47
"Pterocarpus santalinus",0.932,0.736,0.2101,"wc2.1_10m_bio_6",1036733.81,1040034,0.32,856543.34,-17.38
"Garcinia indica",0.992,0.924,0.0296,"wc2.1_10m_bio_6",375447.45,162936.03,-56.6,146989.78,-60.85
"Gymnema sylvestre",0.949,0.802,0.2685,"wc2.1_10m_bio_6",1106209.53,1804156.32,63.09,1993825.97,80.24
"Tinospora cordifolia",0.88,0.628,0.3893,"wc2.1_10m_bio_7",1992353.15,1175746.74,-40.99,814740.51,-59.11
